LA_Name,LSOA_Code,LA_Code,Service_users_LSOA,GP_PT_walk_mins,GP_PT_15mins_perc
Blackburn with Darwen,E01012571,E06000008,456.824722290039,5.86892771426941,100
Blackburn with Darwen,E01012572,E06000008,521.799758911133,7.45593867258169,100
Blackburn with Darwen,E01012573,E06000008,483.814346313477,4.05392568698176,100
Blackburn with Darwen,E01012574,E06000008,562.784027099609,6.52026637309023,100
Blackburn with Darwen,E01012575,E06000008,545.790580749512,3.93131871226073,100
Blackburn with Darwen,E01012576,E06000008,568.78173828125,3.450948987596,100
Blackburn with Darwen,E01012577,E06000008,515.802070617676,5.80792643337809,100
Blackburn with Darwen,E01012578,E06000008,527.797458648682,4.52954540897217,100
Blackburn with Darwen,E01012579,E06000008,541.792098999023,6.90335790336434,100
Blackburn with Darwen,E01012580,E06000008,536.793991088867,3.87318424533807,100
Blackburn with Darwen,E01012581,E06000008,494.810127258301,21.686647045414,0
Blackburn with Darwen,E01012582,E06000008,524.798614501953,15.6198093556747,23.8095249171624
Blackburn with Darwen,E01012583,E06000008,642.75333404541,15.3992531385519,39.3468132650238
Blackburn with Darwen,E01012584,E06000008,520.800148010254,11.8719194023126,100
Blackburn with Darwen,E01012585,E06000008,465.821250915527,5.85718872846251,100
Blackburn with Darwen,E01012586,E06000008,489.812034606934,4.70422441963526,100
Blackburn with Darwen,E01012587,E06000008,660.746467590332,9.43527992621529,100
Blackburn with Darwen,E01012588,E06000008,616.763320922852,5.62220414724989,100
Blackburn with Darwen,E01012589,E06000008,652.749519348145,3.630719798809,100
Blackburn with Darwen,E01012590,E06000008,629.758346557617,9.28117438089311,100
Blackburn with Darwen,E01012591,E06000008,665.744522094727,11.6676574964718,100
Blackburn with Darwen,E01012592,E06000008,825.683143615723,22.8634262785888,0
Blackburn with Darwen,E01012593,E06000008,741.715377807617,6.76129377048497,100
Blackburn with Darwen,E01012594,E06000008,625.759880065918,12.7167092749253,100
Blackburn with Darwen,E01012595,E06000008,859.670097351074,9.20556989672355,100
Blackburn with Darwen,E01012596,E06000008,793.695434570313,10.6177077869439,100
Blackburn with Darwen,E01012597,E06000008,678.739547729492,17.1734751565741,21.3549338916132
Blackburn with Darwen,E01012598,E06000008,1049.59722900391,12.9950762428956,100
Blackburn with Darwen,E01012599,E06000008,497.808967590332,12.6525300290432,100
Blackburn with Darwen,E01012600,E06000008,634.75643157959,10.242425412937,100
Blackburn with Darwen,E01012601,E06000008,592.772521972656,7.74785836738267,100
Blackburn with Darwen,E01012602,E06000008,650.750289916992,14.1555452420323,65.7450080802961
Blackburn with Darwen,E01012603,E06000008,648.75106048584,5.96613261413641,100
Blackburn with Darwen,E01012604,E06000008,598.770233154297,9.3071284613147,100
Blackburn with Darwen,E01012605,E06000008,577.778282165527,3.72695500591143,100
Blackburn with Darwen,E01012606,E06000008,482.814727783203,5.44749475587816,100
Blackburn with Darwen,E01012607,E06000008,639.754501342773,11.6600626494633,100
Blackburn with Darwen,E01012608,E06000008,730.719589233398,7.1300956611113,100
Blackburn with Darwen,E01012609,E06000008,653.749137878418,17.2226293817807,17.8899075341838
Blackburn with Darwen,E01012610,E06000008,505.805885314941,18.4479650120242,0
Blackburn with Darwen,E01012611,E06000008,481.815116882324,17.6510580565686,59.3361010371233
Blackburn with Darwen,E01012612,E06000008,624.76025390625,14.811151933978,59.1999987885978
Blackburn with Darwen,E01012613,E06000008,557.785926818848,15.4346775261163,31.7204307031816
Blackburn with Darwen,E01012614,E06000008,672.741844177246,16.8366269720066,15.3046069434014
Blackburn with Darwen,E01012615,E06000008,747.713073730469,9.96118990147303,100
Blackburn with Darwen,E01012616,E06000008,760.708084106445,16.2028775203799,36.2680692220537
Blackburn with Darwen,E01012617,E06000008,601.769073486328,12.5003489011389,100
Blackburn with Darwen,E01012618,E06000008,646.751815795898,10.0470480207724,100
Blackburn with Darwen,E01012619,E06000008,553.78751373291,8.19126363414108,100
Blackburn with Darwen,E01012620,E06000008,638.7548828125,10.5297181405329,100
Blackburn with Darwen,E01012621,E06000008,624.760261535645,7.50907190980942,100
Blackburn with Darwen,E01012622,E06000008,779.700798034668,9.80865384733644,82.9487169689606
Blackburn with Darwen,E01012623,E06000008,635.756019592285,4.01674526702614,100
Blackburn with Darwen,E01012624,E06000008,714.725746154785,9.23279718587823,100
Blackburn with Darwen,E01012625,E06000008,773.703094482422,8.13631787276212,100
Blackburn with Darwen,E01012628,E06000008,496.809349060059,28.5068209408933,0
Blackburn with Darwen,E01012629,E06000008,478.816261291504,7.45432161729902,100
Blackburn with Darwen,E01012630,E06000008,600.769470214844,3.63826954154549,100
Blackburn with Darwen,E01012631,E06000008,578.777893066406,4.21459409249497,100
Blackburn with Darwen,E01012632,E06000008,807.690055847168,10.5776484570034,100
Blackburn with Darwen,E01012633,E06000008,728.720359802246,5.95146770751494,100
Blackburn with Darwen,E01012634,E06000008,589.773681640625,10.1333559400251,100
Blackburn with Darwen,E01012635,E06000008,588.774063110352,11.5623260675123,100
Blackburn with Darwen,E01012636,E06000008,672.741851806641,8.05240731615456,100
Blackburn with Darwen,E01012637,E06000008,636.755645751953,10.9731713202842,100
Blackburn with Darwen,E01012638,E06000008,702.730316162109,5.91984351212613,100
Blackburn with Darwen,E01012639,E06000008,721.723052978516,11.8744874051932,100
Blackburn with Darwen,E01012640,E06000008,721.723037719727,10.1014683543165,100
Blackburn with Darwen,E01012641,E06000008,549.789016723633,7.16239997079366,100
Blackburn with Darwen,E01012642,E06000008,481.81510925293,6.57103753028758,100
Blackburn with Darwen,E01012643,E06000008,626.759498596191,3.51041465999916,100
Blackburn with Darwen,E01012644,E06000008,660.746429443359,2.74895613937074,100
Blackburn with Darwen,E01012645,E06000008,581.776763916016,10.8795531726183,100
Blackburn with Darwen,E01012646,E06000008,743.714599609375,12.4425941313025,100
Blackburn with Darwen,E01012647,E06000008,645.752227783203,19.9839630209424,0
Blackburn with Darwen,E01012648,E06000008,530.79630279541,7.1832579338655,100
Blackburn with Darwen,E01012649,E06000008,632.757194519043,13.2595260914528,60.0315956432873
Blackburn with Darwen,E01012650,E06000008,595.771392822266,12.722483236347,83.0536915415995
Blackburn with Darwen,E01012651,E06000008,685.736846923828,6.63282818609983,100
Blackburn with Darwen,E01012652,E06000008,651.749885559082,9.87055201343373,100
Blackburn with Darwen,E01012653,E06000008,579.777519226074,5.3874310736776,100
Blackburn with Darwen,E01012654,E06000008,761.707717895508,5.64145669298736,100
Blackburn with Darwen,E01012655,E06000008,878.662818908691,9.84621155973095,100
Blackburn with Darwen,E01012656,E06000008,626.759490966797,7.0345294214101,100
Blackburn with Darwen,E01012657,E06000008,717.724601745605,6.58717265848103,100
Blackburn with Darwen,E01012658,E06000008,755.709999084473,6.55835980562973,100
Blackburn with Darwen,E01012659,E06000008,592.772537231445,9.20112985229328,100
Blackburn with Darwen,E01012660,E06000008,462.822380065918,12.9525702048698,100
Blackburn with Darwen,E01012661,E06000008,686.736480712891,10.6892724018718,100
Blackpool,E01012662,E06000009,813.490142822266,16.6045914110558,19.9519234466561
Blackpool,E01012663,E06000009,734.292198181152,6.02412786590517,100
Blackpool,E01012664,E06000009,698.115341186523,9.00710097791823,100
Blackpool,E01012665,E06000009,843.800468444824,14.2226533166259,68.59791417822
Blackpool,E01012666,E06000009,652.160972595215,17.3488901615077,18.1409291055223
Blackpool,E01012667,E06000009,627.717147827148,15.7980374294965,19.6261681788628
Blackpool,E01012668,E06000009,711.803863525391,13.2509476244894,67.0329670800809
Blackpool,E01012669,E06000009,855.533508300781,16.9776572988215,0
Blackpool,E01012670,E06000009,561.229988098145,10.4694598929367,100
Blackpool,E01012671,E06000009,572.963020324707,10.4879010687066,100
Blackpool,E01012672,E06000009,527.986389160156,6.62914808709786,100
Blackpool,E01012673,E06000009,696.15983581543,10.5770925526463,100
Blackpool,E01012674,E06000009,703.981842041016,6.12027777469072,100
Blackpool,E01012675,E06000009,681.493545532227,4.77703015533904,100
Blackpool,E01012676,E06000009,597.40682220459,11.5080687372811,100
Blackpool,E01012677,E06000009,600.34008026123,9.85763854985914,100
Blackpool,E01012678,E06000009,721.581390380859,8.95907857856874,100
Blackpool,E01012679,E06000009,622.828399658203,3.64733129696027,100
Blackpool,E01012680,E06000009,668.782760620117,9.87614059790847,100
Blackpool,E01012681,E06000009,745.047470092773,5.86694222360676,100
Blackpool,E01012682,E06000009,728.425674438477,8.19209393995093,100
Blackpool,E01012683,E06000009,699.093086242676,4.42556636345427,100
Blackpool,E01012684,E06000009,673.671516418457,9.9161102551308,100
Blackpool,E01012685,E06000009,623.806144714355,15.1133542099054,57.3667713592415
Blackpool,E01012686,E06000009,621.850631713867,19.6390727608549,0
Blackpool,E01012687,E06000009,617.93962097168,20.0283066990014,0
Blackpool,E01012688,E06000009,643.361198425293,16.8904408078546,43.6170211882867
Blackpool,E01012689,E06000009,615.984115600586,15.6224286333152,18.25396803771
Blackpool,E01012690,E06000009,723.536895751953,18.2368239888228,16.2162161592185
Blackpool,E01012691,E06000009,772.424530029297,11.668012671987,100
Blackpool,E01012692,E06000009,808.601379394531,12.3458526407339,86.8198311081757
Blackpool,E01012693,E06000009,708.87060546875,17.0638206890341,15.3103446524132
Blackpool,E01012694,E06000009,630.650405883789,13.9471937331554,80.6201551137839
Blackpool,E01012695,E06000009,602.295585632324,10.8117046517466,100
Blackpool,E01012696,E06000009,652.160972595215,12.870059869093,100
Blackpool,E01012697,E06000009,664.87174987793,14.8164409854954,43.9705886909186
Blackpool,E01012698,E06000009,622.828392028809,11.2603453740388,100
Blackpool,E01012699,E06000009,742.114212036133,11.7397626896465,100
Blackpool,E01012700,E06000009,741.136451721191,10.0493930142396,100
Blackpool,E01012701,E06000009,605.22883605957,5.88767367821191,100
Blackpool,E01012702,E06000009,748.958473205566,6.34859008610808,100
Blackpool,E01012703,E06000009,690.293327331543,10.616657139902,82.1529749394569
Blackpool,E01012704,E06000009,1054.0172958374,15.0745270445895,65.9554735139673
Blackpool,E01012705,E06000009,710.826126098633,6.13876203820375,100
Blackpool,E01012706,E06000009,693.226577758789,8.4664741266571,100
Blackpool,E01012707,E06000009,625.761642456055,5.22000001691996,100
Blackpool,E01012708,E06000009,593.495811462402,8.29574978833332,100
Blackpool,E01012709,E06000009,727.447906494141,5.33682796936479,100
Blackpool,E01012710,E06000009,469.321228027344,8.52349990440472,100
Blackpool,E01012711,E06000009,588.607063293457,9.54887046296868,100
Blackpool,E01012712,E06000009,679.538040161133,15.9662729912539,0
Blackpool,E01012713,E06000009,807.623611450195,17.8332693285667,0
Blackpool,E01012714,E06000009,778.291053771973,16.2910555110706,31.658291930183
Blackpool,E01012715,E06000009,682.471298217773,12.0364759042043,100
Blackpool,E01012716,E06000009,627.717163085938,14.0391900563057,100
Blackpool,E01012717,E06000009,699.093109130859,16.3447691858533,33.2867129188673
Blackpool,E01012718,E06000009,753.847229003906,16.1179767688271,33.8521401408287
Blackpool,E01012719,E06000009,611.095352172852,12.2856478178661,100
Blackpool,E01012720,E06000009,634.561424255371,4.7697380734763,100
Blackpool,E01012721,E06000009,816.423400878906,9.91399994764728,100
Blackpool,E01012722,E06000009,502.564804077148,7.11696489989398,100
Blackpool,E01012723,E06000009,639.4501953125,14.2414830938214,78.2874620874867
Blackpool,E01012724,E06000009,607.184364318848,7.82173911722671,100
Blackpool,E01012725,E06000009,581.76277923584,5.9000000318091,100
Blackpool,E01012726,E06000009,740.158706665039,9.7018626336961,81.1096434433096
Blackpool,E01012727,E06000009,638.472442626953,9.433399648859,80.3981616488138
Blackpool,E01012728,E06000009,719.625900268555,7.94263570846719,100
Blackpool,E01012729,E06000009,732.336685180664,4.98914553583265,100
Blackpool,E01012730,E06000009,669.76050567627,13.6549489973866,60.2919703838556
Blackpool,E01012731,E06000009,711.803863525391,9.42423074161753,81.3186810595553
Blackpool,E01012732,E06000009,810.55687713623,9.02072384434724,84.4390822699844
Blackpool,E01012733,E06000009,460.521461486816,4.95118900527011,100
Blackpool,E01012734,E06000009,616.961860656738,4.43583196402773,100
Blackpool,E01012735,E06000009,684.426795959473,7.79855713287851,100
Blackpool,E01012736,E06000009,457.588203430176,5.88192314388599,100
Blackpool,E01012737,E06000009,787.090827941895,3.42498132165904,100
Blackpool,E01012738,E06000009,550.47469329834,9.33824169896808,100
Blackpool,E01012739,E06000009,565.140983581543,8.49501724058106,100
Blackpool,E01012740,E06000009,669.760536193848,7.97052546335127,100
Blackpool,E01012741,E06000009,594.473571777344,10.530954116609,100
Blackpool,E01012742,E06000009,528.964149475098,5.07613677149444,100
Blackpool,E01012743,E06000009,725.492416381836,4.77483821043111,100
Blackpool,E01012744,E06000009,729.403419494629,7.31571063291725,100
Blackpool,E01012745,E06000009,738.203193664551,3.64288740720863,100
Blackpool,E01012746,E06000009,778.291046142578,7.42680915222758,100
Blackpool,E01012747,E06000009,597.406829833984,16.6856141268382,21.1129305035236
Blackpool,E01012748,E06000009,699.093078613281,7.57093701288103,100
Blackpool,E01012749,E06000009,699.093086242676,13.8855945481587,85.734266204376
Blackpool,E01012750,E06000009,718.648139953613,13.1260952177678,47.6190468101856
Blackpool,E01012751,E06000009,718.648147583008,12.8459455936637,80.816326617276
Blackpool,E01012752,E06000009,570.029762268066,12.8604973710665,100
Blackpool,E01012753,E06000009,458.565948486328,10.8202771936417,100
Blackpool,E01012754,E06000009,510.386840820313,12.8396745055884,100
Blackpool,E01012755,E06000009,594.473564147949,5.91180918384533,100
Burnley,E01024855,E07000117,791.800079345703,5.28005140999978,100
Burnley,E01024856,E07000117,613.924583435059,4.55100998500821,100
Burnley,E01024857,E07000117,641.368225097656,6.83147385384276,77.4960371337483
Burnley,E01024858,E07000117,650.51611328125,4.42932818382764,100
Burnley,E01024859,E07000117,700.321258544922,8.57537033683398,100
Burnley,E01024860,E07000117,537.692237854004,13.5302084681579,51.0396977302912
Burnley,E01024861,E07000117,538.708671569824,5.88569793310866,100
Burnley,E01024862,E07000117,671.861183166504,5.57954610653273,100
Burnley,E01024863,E07000117,627.13818359375,12.84309543935,100
Burnley,E01024864,E07000117,752.159248352051,9.22770262120074,100
Burnley,E01024865,E07000117,783.668632507324,11.8126200028724,100
Burnley,E01024866,E07000117,872.098159790039,13.7962704632635,100
Burnley,E01024867,E07000117,607.825988769531,16.6543978365038,33.277591847305
Burnley,E01024868,E07000117,528.544326782227,21.3671154211869,0
Burnley,E01024869,E07000117,656.614707946777,18.0489010176482,21.8266255326877
Burnley,E01024870,E07000117,524.478607177734,22.6691863731252,0
Burnley,E01024871,E07000117,528.544364929199,18.5184414324328,0
Burnley,E01024872,E07000117,670.844749450684,18.9860758225439,0
Burnley,E01024873,E07000117,620.023162841797,19.7021309736986,0
Burnley,E01024874,E07000117,443.164093017578,17.0213989009184,23.8532101246963
Burnley,E01024875,E07000117,418.769737243652,6.40504859888573,100
Burnley,E01024876,E07000117,458.41056060791,4.0823281260774,100
Burnley,E01024877,E07000117,546.840103149414,8.34399641699784,100
Burnley,E01024878,E07000117,434.016220092773,9.92449683365814,100
Burnley,E01024879,E07000117,580.382339477539,6.78500872122764,100
Burnley,E01024880,E07000117,642.384666442871,8.78283221101793,100
Burnley,E01024881,E07000117,631.203910827637,3.53041873356855,100
Burnley,E01024882,E07000117,731.830657958984,5.99155569381316,100
Burnley,E01024883,E07000117,665.762573242188,9.73967928816448,100
Burnley,E01024884,E07000117,706.419853210449,11.3239425305612,100
Burnley,E01024885,E07000117,880.229614257813,5.52908778916899,100
Burnley,E01024886,E07000117,643.401084899902,8.76259116781113,100
Burnley,E01024887,E07000117,607.825996398926,14.1852174167437,77.2575241936418
Burnley,E01024888,E07000117,734.879928588867,18.4150205949675,0
Burnley,E01024889,E07000117,636.286064147949,7.33984035208156,100
Burnley,E01024890,E07000117,649.49967956543,10.5128481926878,100
Burnley,E01024891,E07000117,655.598281860352,13.4017363453055,79.999999534508
Burnley,E01024892,E07000117,638.318939208984,9.54044600816835,100
Burnley,E01024893,E07000117,664.746147155762,8.29888362020591,100
Burnley,E01024894,E07000117,536.675788879395,10.5820076063917,100
Burnley,E01024895,E07000117,596.645248413086,6.67345827933967,100
Burnley,E01024896,E07000117,592.57950592041,14.8838938677776,51.8010274701048
Burnley,E01024897,E07000117,545.823677062988,12.3672994929791,100
Burnley,E01024898,E07000117,719.633445739746,9.6858899692866,100
Burnley,E01024899,E07000117,688.124092102051,10.9415952416263,100
Burnley,E01024900,E07000117,696.255546569824,16.7600003436381,14.4525551156494
Burnley,E01024901,E07000117,779.602905273438,13.3921119603111,72.6205987874123
Burnley,E01024902,E07000117,712.518432617188,3.73285310236646,100
Burnley,E01024903,E07000117,489.919937133789,17.4780081492926,0
Burnley,E01024904,E07000117,731.830619812012,8.06544437200153,100
Burnley,E01024905,E07000117,510.248565673828,18.6881674876263,0
Burnley,E01024906,E07000117,813.145133972168,3.75081250498203,100
Burnley,E01024907,E07000117,588.513793945313,16.0981347972786,17.271155938317
Burnley,E01024908,E07000117,566.152297973633,14.6839676057842,40.3949715385592
Burnley,E01024909,E07000117,717.600570678711,15.7964589685465,20.3966001931035
Burnley,E01024910,E07000117,646.450370788574,15.9728619059479,40.880503025892
Burnley,E01024911,E07000117,816.19441986084,8.49313823150709,100
Burnley,E01024912,E07000117,593.595962524414,11.8386988613533,100
Burnley,E01024913,E07000117,512.281440734863,13.0351981582168,100
Burnley,E01024914,E07000117,625.105308532715,10.0698536013206,100
Chorley,E01024915,E07000118,1076.01448822021,6.93918832639692,100
Chorley,E01024916,E07000118,811.76953125,9.21566893503448,65.2413787425474
Chorley,E01024917,E07000118,865.514251708984,11.9636222994309,85.2522644428187
Chorley,E01024918,E07000118,850.958374023438,9.34464476464378,83.2894727782081
Chorley,E01024919,E07000118,1246.20616149902,14.3000268578593,46.361186779205
Chorley,E01024920,E07000118,1030.10752105713,17.6081628741639,0
Chorley,E01024921,E07000118,959.567565917969,22.2236988957546,0
Chorley,E01024922,E07000118,657.253379821777,12.1528277900921,79.2163546447045
Chorley,E01024923,E07000118,585.593734741211,26.0795227844183,0
Chorley,E01024924,E07000118,671.809257507324,22.155800066329,0
Chorley,E01024925,E07000118,852.078079223633,10.4063731375256,100
Chorley,E01024926,E07000118,956.208526611328,13.4071078637572,78.5714287993942
Chorley,E01024927,E07000118,819.607315063477,14.1305192606567,55.1912567695611
Chorley,E01024928,E07000118,734.511444091797,5.72219502078231,100
Chorley,E01024929,E07000118,610.22673034668,7.55447710716305,100
Chorley,E01024930,E07000118,708.758758544922,4.11153244061242,100
Chorley,E01024931,E07000118,745.708267211914,8.56057068844116,100
Chorley,E01024932,E07000118,466.907432556152,13.4741248829547,100
Chorley,E01024933,E07000118,704.280044555664,12.1635930061354,83.1478527991897
Chorley,E01024934,E07000118,695.322578430176,5.882431555648,100
Chorley,E01024935,E07000118,702.040679931641,12.1917701783282,100
Chorley,E01024936,E07000118,844.240295410156,2.86205570715173,100
Chorley,E01024937,E07000118,714.357177734375,12.168526414475,75.7053298232027
Chorley,E01024938,E07000118,782.657775878906,17.6737482689394,0
Chorley,E01024939,E07000118,784.897125244141,16.985805499469,32.5249638319301
Chorley,E01024940,E07000118,952.849456787109,6.63936533566477,100
Chorley,E01024941,E07000118,830.80411529541,10.7250673520891,100
Chorley,E01024942,E07000118,872.232345581055,14.5832989866441,67.1373559703414
Chorley,E01024943,E07000118,1059.21928405762,16.2010252749872,48.9429166445479
Chorley,E01024944,E07000118,712.117786407471,19.5644337259204,0
Chorley,E01024945,E07000118,1301.0705871582,14.2415577304992,58.0034421772878
Chorley,E01024946,E07000118,588.952789306641,13.0469962777445,75.8555128154308
Chorley,E01024947,E07000118,558.721366882324,12.9833869782147,75.9519046723468
Chorley,E01024948,E07000118,718.835914611816,11.8239721661609,100
Chorley,E01024949,E07000118,1115.20336914063,7.27273085547785,100
Chorley,E01024950,E07000118,600.149612426758,9.62957078667639,100
Chorley,E01024951,E07000118,528.489936828613,8.81271186551923,100
Chorley,E01024952,E07000118,676.287994384766,5.84953637652475,100
Chorley,E01024953,E07000118,723.314643859863,6.86321982007733,100
Chorley,E01024954,E07000118,714.35717010498,5.9489186240249,100
Chorley,E01024955,E07000118,734.511451721191,12.5581555807292,80.1829270731102
Chorley,E01024956,E07000118,693.083206176758,17.1413247510489,16.3166387509849
Chorley,E01024957,E07000118,662.851806640625,16.0519088598566,54.560812801722
Chorley,E01024958,E07000118,632.620384216309,17.4786725405807,19.4690266874158
Chorley,E01024959,E07000118,843.120597839355,9.45861886177393,77.4236393045764
Chorley,E01024960,E07000118,715.476867675781,12.6121751633339,100
Chorley,E01024961,E07000118,741.229537963867,7.62344409752713,74.7734138506364
Chorley,E01024962,E07000118,697.561935424805,17.8362118037963,0
Chorley,E01024963,E07000118,753.546051025391,19.5014268041424,0
Chorley,E01024964,E07000118,694.202880859375,23.4697255946126,0
Chorley,E01024965,E07000118,638.218788146973,20.713578924153,18.0701755245828
Chorley,E01024966,E07000118,735.631134033203,20.0646110533671,0
Chorley,E01024967,E07000118,595.670883178711,11.2854698286359,85.3383457972508
Chorley,E01024968,E07000118,826.325378417969,10.4609757659669,100
Chorley,E01024969,E07000118,669.569900512695,5.62775931086741,100
Chorley,E01024970,E07000118,643.817192077637,15.7647825631632,38.0869563506834
Chorley,E01024971,E07000118,591.19214630127,15.6971405619168,64.2045449779366
Chorley,E01024972,E07000118,599.029930114746,15.4926361049358,54.205605679277
Chorley,E01024973,E07000118,981.9612159729,14.5069667394508,67.1607746800043
Chorley,E01024974,E07000118,718.835899353027,12.066386227357,57.9439241822099
Chorley,E01024975,E07000118,599.029922485352,14.2019251936997,37.9439235672197
Chorley,E01024976,E07000118,737.870483398438,5.08203328057211,100
Chorley,E01024977,E07000118,1006.59419250488,18.3986649744938,29.4771960962923
Chorley,E01024978,E07000118,641.577850341797,7.25687609836165,100
Chorley,E01024979,E07000118,661.732116699219,14.8136376600648,38.9170880827286
Chorley,E01024980,E07000118,650.535301208496,11.8376417748853,78.3132536337667
Fylde,E01024981,E07000119,750.819686889648,13.9144669363196,62.7737235177886
Fylde,E01024982,E07000119,681.766204833984,16.4513019995163,19.4533756876363
Fylde,E01024983,E07000119,685.054458618164,11.2549278885914,100
Fylde,E01024984,E07000119,734.378387451172,12.1933432364319,100
Fylde,E01024985,E07000119,687.246643066406,6.97695369978313,100
Fylde,E01024986,E07000119,1004.01582336426,8.52646303125261,100
Fylde,E01024987,E07000119,825.353622436523,8.4170385404018,100
Fylde,E01024988,E07000119,925.097541809082,12.9499879599388,100
Fylde,E01024989,E07000119,719.033172607422,10.7799999298768,100
Fylde,E01024990,E07000119,893.311050415039,8.75061345013727,100
Fylde,E01024991,E07000119,566.677040100098,13.4289168589323,100
Fylde,E01024992,E07000119,804.527954101563,16.2072479656215,17.3024521093609
Fylde,E01024993,E07000119,686.15055847168,14.5179391223872,48.0830682329838
Fylde,E01024994,E07000119,791.374923706055,16.1517587369312,18.0055405774696
Fylde,E01024995,E07000119,727.801864624023,16.5411592222241,0
Fylde,E01024996,E07000119,700.399688720703,15.238653902105,36.1502354372941
Fylde,E01024997,E07000119,735.474472045898,21.9490458219406,0
Fylde,E01024998,E07000119,790.278823852539,18.9476285195519,23.5783628164606
Fylde,E01024999,E07000119,757.396240234375,23.9275828326231,0
Fylde,E01025000,E07000119,653.267944335938,23.7463425517967,0
Fylde,E01025001,E07000119,869.19709777832,15.4066200018165,51.1979830804884
Fylde,E01025002,E07000119,727.801879882813,11.6686748057996,100
Fylde,E01025003,E07000119,868.101028442383,11.7723230172894,100
Fylde,E01025004,E07000119,657.652282714844,10.4609000847564,100
Fylde,E01025005,E07000119,806.720123291016,15.0302171377134,49.4565211017906
Fylde,E01025006,E07000119,731.090133666992,18.5748723650002,0
Fylde,E01025007,E07000119,549.139663696289,13.2752692475257,49.9001998337409
Fylde,E01025008,E07000119,545.851379394531,8.9140360353919,100
Fylde,E01025009,E07000119,797.951446533203,5.45118133823231,100
Fylde,E01025010,E07000119,574.34965133667,7.48562982428888,100
Fylde,E01025011,E07000119,739.858840942383,4.54988152531594,100
Fylde,E01025012,E07000119,871.389282226563,13.82641507319,82.7672954565162
Fylde,E01025013,E07000119,784.798400878906,12.8378072957674,81.7039105276293
Fylde,E01025014,E07000119,750.819702148438,19.5728757938066,0
Fylde,E01025015,E07000119,694.91926574707,17.8791326164967,0
Fylde,E01025016,E07000119,1122.39322662354,14.9780761163913,49.9023443162316
Fylde,E01025017,E07000119,891.118850708008,4.87025828872212,100
Fylde,E01025018,E07000119,619.289245605469,10.5604424960774,77.8761062382995
Fylde,E01025019,E07000119,679.574020385742,19.8542421607281,0
Fylde,E01025020,E07000119,612.712707519531,12.8772094619529,76.3864041953702
Fylde,E01025021,E07000119,746.435363769531,15.1009547213395,61.0866367877862
Fylde,E01025022,E07000119,957.980155944824,4.98982835423841,100
Fylde,E01025023,E07000119,662.036636352539,6.4927813977556,100
Fylde,E01025024,E07000119,766.164909362793,9.30952801122473,100
Fylde,E01025025,E07000119,761.780563354492,6.42936697386343,100
Fylde,E01025026,E07000119,607.232284545898,15.8943502854151,17.1480145719719
Fylde,E01025027,E07000119,776.029693603516,15.0518078810478,57.6271186440678
Fylde,E01025028,E07000119,597.36750793457,16.9057791363915,25.6880743318674
Fylde,E01025029,E07000119,1012.78453063965,22.4473595058742,0
Fylde,E01025030,E07000119,748.627532958984,22.8065152226737,0
Fylde,E01025031,E07000119,586.406616210938,22.0483926850496,0
Hyndburn,E01025032,E07000120,631.373504638672,8.00239867498597,100
Hyndburn,E01025033,E07000120,825.799674987793,13.9222677641082,72.4907068108356
Hyndburn,E01025034,E07000120,735.749656677246,11.7692071173922,100
Hyndburn,E01025035,E07000120,662.072357177734,12.2904790003757,80.989180718852
Hyndburn,E01025036,E07000120,801.240585327148,5.35839080642819,100
Hyndburn,E01025037,E07000120,638.536552429199,11.2538462486803,81.4102562800511
Hyndburn,E01025038,E07000120,613.977447509766,19.1665165732229,0
Hyndburn,E01025039,E07000120,503.46150970459,19.3038419475614,0
Hyndburn,E01025040,E07000120,638.536560058594,16.8164262792582,19.2307695064981
Hyndburn,E01025041,E07000120,675.375221252441,4.92922732847793,100
Hyndburn,E01025042,E07000120,633.420093536377,8.53403878433894,100
Hyndburn,E01025044,E07000120,511.647872924805,7.12017996251389,100
Hyndburn,E01025045,E07000120,525.974021911621,11.9319455400376,100
Hyndburn,E01025046,E07000120,642.62971496582,2.97660828699931,100
Hyndburn,E01025048,E07000120,705.050788879395,13.2255297177468,81.5674900051581
Hyndburn,E01025049,E07000120,798.170700073242,5.62562834290339,100
Hyndburn,E01025050,E07000120,652.862701416016,8.32142632243362,100
Hyndburn,E01025051,E07000120,616.024047851563,13.6435880856101,100
Hyndburn,E01025052,E07000120,652.862724304199,12.6804857822893,81.6614432499744
Hyndburn,E01025053,E07000120,655.932586669922,15.4466458489927,60.0624027646557
Hyndburn,E01025054,E07000120,786.91446685791,10.0197009995267,80.3641086565975
Hyndburn,E01025055,E07000120,724.49340057373,3.99088989343625,100
Hyndburn,E01025056,E07000120,620.117248535156,9.45006604401251,100
Hyndburn,E01025057,E07000120,708.120674133301,3.92956648997119,100
Hyndburn,E01025058,E07000120,670.258720397949,6.82018332901533,100
Hyndburn,E01025059,E07000120,687.654769897461,6.52894344012055,100
Hyndburn,E01025060,E07000120,616.024070739746,10.4987211781421,100
Hyndburn,E01025061,E07000120,697.887718200684,12.1199270303735,100
Hyndburn,E01025062,E07000120,731.65648651123,7.07379014209718,100
Hyndburn,E01025063,E07000120,710.167251586914,12.9291353724923,100
Hyndburn,E01025064,E07000120,705.050804138184,9.923628613751,100
Hyndburn,E01025065,E07000120,781.797973632813,8.03321989489449,100
Hyndburn,E01025066,E07000120,656.955879211426,6.29242979920597,100
Hyndburn,E01025067,E07000120,725.516716003418,8.92648793351897,100
Hyndburn,E01025068,E07000120,755.192268371582,10.0502033393949,100
Hyndburn,E01025069,E07000120,646.722938537598,12.7395569742902,100
Hyndburn,E01025070,E07000120,504.484817504883,5.36292091359065,100
Hyndburn,E01025071,E07000120,630.350196838379,5.81680198228352,100
Hyndburn,E01025072,E07000120,655.932579040527,3.97700467117592,100
Hyndburn,E01025073,E07000120,604.767807006836,7.15654832307007,100
Hyndburn,E01025074,E07000120,584.301887512207,10.3785637987823,100
Hyndburn,E01025075,E07000120,797.147399902344,8.62616181523301,100
Hyndburn,E01025076,E07000120,651.839385986328,4.57119307130391,100
Hyndburn,E01025077,E07000120,646.722923278809,9.86707290874586,100
Hyndburn,E01025078,E07000120,645.699645996094,13.303327753178,100
Hyndburn,E01025079,E07000120,739.842834472656,15.002544818161,33.7482711625584
Hyndburn,E01025080,E07000120,683.561576843262,15.566826755749,35.4790414633689
Hyndburn,E01025081,E07000120,677.421798706055,13.9943201268671,60.5740185692181
Hyndburn,E01025082,E07000120,679.468399047852,11.6911145565585,100
Hyndburn,E01025083,E07000120,829.892852783203,8.90966714098852,100
Hyndburn,E01025084,E07000120,563.835960388184,9.77190546910878,100
Lancaster,E01025085,E07000121,626.646614074707,26.4685595450726,0
Lancaster,E01025086,E07000121,680.596305847168,25.3291919227401,0
Lancaster,E01025087,E07000121,708.608665466309,21.9116687292475,0
Lancaster,E01025088,E07000121,472.059959411621,17.221054609019,20.4395595728554
Lancaster,E01025089,E07000121,650.508979797363,16.2263478821202,40.3508755263227
Lancaster,E01025090,E07000121,779.158271789551,16.5977229704536,18.1091869282476
Lancaster,E01025091,E07000121,669.183876037598,17.0056894162381,38.4496124437557
Lancaster,E01025092,E07000121,532.23461151123,17.7007602039135,26.510720057201
Lancaster,E01025093,E07000121,739.733489990234,9.13019620439247,100
Lancaster,E01025094,E07000121,639.096519470215,7.21883108746631,100
Lancaster,E01025095,E07000121,518.747192382813,11.1225799318275,76.9999990587298
Lancaster,E01025096,E07000121,700.308700561523,8.62799991962391,100
Lancaster,E01025097,E07000121,670.221343994141,10.3256967642495,100
Lancaster,E01025098,E07000121,618.346649169922,6.82171134080922,100
Lancaster,E01025099,E07000121,810.283096313477,10.5124200020849,100
Lancaster,E01025100,E07000121,693.046241760254,17.5650001521613,0
Lancaster,E01025101,E07000121,654.65894317627,15.662567269055,20.9191772225577
Lancaster,E01025102,E07000121,552.984512329102,10.2575984780039,100
Lancaster,E01025103,E07000121,539.4970703125,18.6239235559418,24.6153830924345
Lancaster,E01025105,E07000121,536.38459777832,40.5051260397857,0
Lancaster,E01025106,E07000121,782.270729064941,24.5776257658868,0
Lancaster,E01025107,E07000121,704.458679199219,24.2112811690207,0
Lancaster,E01025108,E07000121,552.984497070313,27.5190808303023,0
Lancaster,E01025109,E07000121,463.759986877441,40.1730869294577,0
Lancaster,E01025110,E07000121,723.133567810059,21.0889953431143,0
Lancaster,E01025111,E07000121,755.295883178711,30.7380083473908,0
Lancaster,E01025112,E07000121,808.208084106445,25.1330809670631,0
Lancaster,E01025113,E07000121,662.958908081055,27.67212842704,0
Lancaster,E01025114,E07000121,706.533676147461,16.110954691466,31.2775321358213
Lancaster,E01025115,E07000121,684.746276855469,15.4067578353661,41.5151512855603
Lancaster,E01025116,E07000121,684.746292114258,17.3727728552606,0
Lancaster,E01025117,E07000121,670.221382141113,18.065418172986,0
Lancaster,E01025118,E07000121,495.922317504883,19.9535356811903,0
Lancaster,E01025119,E07000121,598.634254455566,16.7300520272231,0
Lancaster,E01025120,E07000121,656.733932495117,17.2512635504007,0
Lancaster,E01025121,E07000121,766.708335876465,13.1966844899175,76.3193512209361
Lancaster,E01025122,E07000121,810.28311920166,8.8612805468181,100
Lancaster,E01025123,E07000121,938.93244934082,7.57416582394712,100
Lancaster,E01025124,E07000121,701.346206665039,6.18362410819417,100
Lancaster,E01025125,E07000121,393.210376739502,13.0392876111547,100
Lancaster,E01025126,E07000121,791.608215332031,17.007968071814,16.1205766066147
Lancaster,E01025127,E07000121,622.496627807617,18.6570502454394,0
Lancaster,E01025128,E07000121,670.221374511719,7.81215172059372,100
Lancaster,E01025129,E07000121,490.734832763672,8.70657501619674,100
Lancaster,E01025130,E07000121,991.844627380371,28.6603132055786,0
Lancaster,E01025131,E07000121,678.521308898926,28.5167889819908,0
Lancaster,E01025132,E07000121,612.121673583984,37.5468471996356,0
Lancaster,E01025133,E07000121,701.346206665039,28.5481654642587,0
Lancaster,E01025136,E07000121,741.808479309082,26.8601537120356,0
Lancaster,E01025137,E07000121,626.646606445313,24.8097683123699,0
Lancaster,E01025138,E07000121,606.934211730957,25.5654872131956,0
Lancaster,E01025139,E07000121,884.982711791992,26.5458032179717,0
Lancaster,E01025140,E07000121,668.146392822266,26.7215220360475,0
Lancaster,E01025141,E07000121,628.721603393555,14.6788448483315,61.7161715691032
Lancaster,E01025142,E07000121,644.284019470215,20.4509502043332,0
Lancaster,E01025143,E07000121,662.95890045166,18.0760872714824,0
Lancaster,E01025144,E07000121,826.883026123047,12.7535632645893,100
Lancaster,E01025145,E07000121,637.021560668945,14.3968241964416,80.9446260040488
Lancaster,E01025146,E07000121,813.395606994629,15.305344435152,40.3061223389119
Lancaster,E01025147,E07000121,629.759086608887,12.0244480406025,79.0774309435273
Lancaster,E01025148,E07000121,976.2822265625,23.4062059828085,0
Lancaster,E01025149,E07000121,1006.36957550049,19.7343808833204,0
Lancaster,E01025150,E07000121,631.834106445313,18.4566673679117,0
Lancaster,E01025151,E07000121,806.133110046387,13.550231610897,63.3204642157243
Lancaster,E01025152,E07000121,639.096534729004,20.4094318042363,0
Lancaster,E01025153,E07000121,517.709693908691,18.894408861443,0
Lancaster,E01025154,E07000121,656.733947753906,20.9573141259195,0
Lancaster,E01025155,E07000121,529.122131347656,15.5693725921129,49.9999971162066
Lancaster,E01025156,E07000121,460.647514343262,14.9315763479655,49.0990980471676
Lancaster,E01025157,E07000121,593.446800231934,14.0607694111927,100
Lancaster,E01025158,E07000121,643.246520996094,23.7208544895936,0
Lancaster,E01025159,E07000121,634.946563720703,19.4616997684177,0
Lancaster,E01025160,E07000121,574.77188873291,18.1829603337363,0
Lancaster,E01025161,E07000121,650.50895690918,26.0870489874471,0
Lancaster,E01025162,E07000121,707.571174621582,27.1953519281338,0
Lancaster,E01025163,E07000121,651.546463012695,24.8137742944541,0
Lancaster,E01025164,E07000121,655.696464538574,20.6695729585226,0
Lancaster,E01025165,E07000121,609.009208679199,17.5772060616054,0
Lancaster,E01025166,E07000121,561.284454345703,29.1739741634537,0
Lancaster,E01025167,E07000121,495.922325134277,24.330522853303,0
Lancaster,E01025168,E07000121,542.609558105469,11.0077246011023,100
Lancaster,E01025169,E07000121,563.359436035156,12.632614997081,74.4014732915128
Lancaster,E01025170,E07000121,865.270324707031,30.9479854444071,0
Lancaster,E01025171,E07000121,823.770561218262,28.810680301781,0
Lancaster,E01025172,E07000121,680.596321105957,29.2950761497969,0
Lancaster,E01025173,E07000121,804.058143615723,25.7447354747831,0
Pendle,E01025174,E07000122,635.17423248291,12.0104566897659,100
Pendle,E01025175,E07000122,684.910552978516,8.00450820762412,100
Pendle,E01025176,E07000122,1051.71587371826,7.92097545086378,100
Pendle,E01025177,E07000122,812.359874725342,18.0343875833279,48.2142853034013
Pendle,E01025178,E07000122,821.685409545898,15.8334931265743,16.3934430795929
Pendle,E01025179,E07000122,726.357467651367,9.06517815795303,100
Pendle,E01025180,E07000122,801.99813079834,8.57475473699835,87.2093026242448
Pendle,E01025181,E07000122,640.355094909668,17.1543690233018,21.0355989946841
Pendle,E01025182,E07000122,633.101875305176,9.02235688646572,100
Pendle,E01025183,E07000122,725.321296691895,17.0524708556207,16.5714282588747
Pendle,E01025184,E07000122,540.88245010376,11.138160896988,100
Pendle,E01025185,E07000122,747.080940246582,4.8036893813328,100
Pendle,E01025186,E07000122,617.559261322021,7.73771803798185,100
Pendle,E01025187,E07000122,595.79963684082,13.3022264089005,58.608694928396
Pendle,E01025188,E07000122,918.049537658691,12.9388490063697,100
Pendle,E01025189,E07000122,711.851028442383,16.6802183090708,18.3406113911535
Pendle,E01025190,E07000122,670.404106140137,14.9595210999521,61.2055641844091
Pendle,E01025191,E07000122,549.171859741211,11.9305099165242,100
Pendle,E01025192,E07000122,625.848670959473,10.1813407953104,100
Pendle,E01025193,E07000122,631.029518127441,14.1449265869316,76.5188836635959
Pendle,E01025194,E07000122,645.535972595215,11.4113805125227,100
Pendle,E01025195,E07000122,536.737747192383,8.05378362166348,100
Pendle,E01025196,E07000122,839.300361633301,4.02586417709504,100
Pendle,E01025197,E07000122,589.582595825195,11.6378912392519,84.8857633961229
Pendle,E01025198,E07000122,623.776298522949,4.68204308153876,100
Pendle,E01025199,E07000122,759.515029907227,9.91713486121558,80.6275575670373
Pendle,E01025200,E07000122,684.910545349121,7.36673218788931,100
Pendle,E01025201,E07000122,713.923393249512,7.27939044046035,100
Pendle,E01025202,E07000122,616.523109436035,10.4300001670933,100
Pendle,E01025203,E07000122,775.057632446289,14.6162700646821,80.7486633753314
Pendle,E01025204,E07000122,749.153282165527,21.0324064567584,47.8561546213382
Pendle,E01025205,E07000122,627.921005249023,10.3845545541458,100
Pendle,E01025206,E07000122,529.484535217285,13.2681802318587,77.2994128566358
Pendle,E01025207,E07000122,705.633995056152,5.77035243122,100
Pendle,E01025208,E07000122,688.019058227539,10.199698776723,100
Pendle,E01025209,E07000122,718.068099975586,18.4483408559461,0
Pendle,E01025210,E07000122,832.047149658203,20.2047693945492,0
Pendle,E01025211,E07000122,686.982879638672,17.0115388280915,0
Pendle,E01025212,E07000122,546.063316345215,13.0859202699514,100
Pendle,E01025213,E07000122,419.650184631348,12.2811605224144,84.6913579932685
Pendle,E01025214,E07000122,552.280364990234,15.5563789973837,72.0450289253159
Pendle,E01025215,E07000122,517.05046081543,6.68859728060864,100
Pendle,E01025216,E07000122,739.827735900879,18.040168516381,0
Pendle,E01025217,E07000122,657.970039367676,14.5632441637765,54.3307093553124
Pendle,E01025218,E07000122,528.448371887207,14.3961570996924,68.6274518862651
Pendle,E01025219,E07000122,556.425048828125,15.2829794500346,19.3668521076364
Pendle,E01025220,E07000122,678.693511962891,11.4394962241614,100
Pendle,E01025221,E07000122,539.846298217773,13.8665836087758,50.4798460639502
Pendle,E01025222,E07000122,638.282745361328,17.5413308248262,18.8311683499441
Pendle,E01025223,E07000122,643.46361541748,10.4066504551951,100
Pendle,E01025224,E07000122,795.78108215332,12.5940886037192,100
Pendle,E01025225,E07000122,676.621154785156,13.8397702073347,73.0474727896443
Pendle,E01025226,E07000122,812.359878540039,13.9540435771621,77.4234709234805
Pendle,E01025227,E07000122,1012.34130859375,5.33311157232694,100
Pendle,E01025228,E07000122,671.440299987793,16.7545987164467,25.1543209227745
Pendle,E01025229,E07000122,682.838180541992,9.50857331978856,100
Pendle,E01025230,E07000122,566.786773681641,5.42689212117294,100
Ribble Valley,E01025315,E07000124,596.216747283936,43.2434378861528,0
Ribble Valley,E01025316,E07000124,621.424461364746,11.8549910207595,86.4197531318911
Ribble Valley,E01025317,E07000124,530.457553863525,8.05454532331621,88.2231404676373
Ribble Valley,E01025318,E07000124,497.577972412109,9.18085903299372,100
Ribble Valley,E01025319,E07000124,877.885318756104,16.5977403292582,30.3370787444508
Ribble Valley,E01025320,E07000124,587.448867797852,44.3146641699092,27.0522396540237
Ribble Valley,E01025321,E07000124,619.232475280762,17.5788494399657,41.9469033570397
Ribble Valley,E01025322,E07000124,596.216770172119,30.4447425007593,0
Ribble Valley,E01025323,E07000124,523.881645202637,21.0325944307955,26.5690368982767
Ribble Valley,E01025324,E07000124,649.92008972168,11.5271333900253,73.8617204831677
Ribble Valley,E01025325,E07000124,807.7421875,4.44549524268364,100
Ribble Valley,E01025326,E07000124,689.375625610352,11.7603971816555,81.0810820382364
Ribble Valley,E01025327,E07000124,592.928802490234,11.5440109778158,82.6247687037958
Ribble Valley,E01025328,E07000124,551.281295776367,7.86644140800718,100
Ribble Valley,E01025329,E07000124,672.935844421387,13.8855212275425,59.7719861083711
Ribble Valley,E01025330,E07000124,660.879974365234,11.9736648190875,81.0945274723093
Ribble Valley,E01025331,E07000124,617.040504455566,48.0174783362912,0
Ribble Valley,E01025332,E07000124,471.274291992188,17.1745350418651,0
Ribble Valley,E01025333,E07000124,587.448860168457,17.8354110785113,0
Ribble Valley,E01025334,E07000124,746.366943359375,12.8302935927785,100
Ribble Valley,E01025335,E07000124,773.766616821289,11.3472663205134,100
Ribble Valley,E01025336,E07000124,535.937507629395,25.4420445923557,0
Ribble Valley,E01025337,E07000124,761.710754394531,19.2223740152489,0
Ribble Valley,E01025338,E07000124,792.398406982422,10.1115350674075,100
Ribble Valley,E01025339,E07000124,711.295379638672,16.3263944555501,42.2187972254866
Ribble Valley,E01025340,E07000124,667.455871582031,17.1912642787292,60.2627250254376
Ribble Valley,E01025341,E07000124,528.265579223633,18.7560576679624,0
Ribble Valley,E01025342,E07000124,731.023086547852,16.1743480399344,43.7781100651622
Ribble Valley,E01025343,E07000124,672.935836791992,17.0466618431359,0
Ribble Valley,E01025344,E07000124,683.895698547363,4.00927883302074,100
Ribble Valley,E01025345,E07000124,686.087669372559,9.63038356636854,77.1565483927648
Ribble Valley,E01025346,E07000124,714.583312988281,10.5604140228026,100
Ribble Valley,E01025347,E07000124,748.558929443359,10.587920968267,100
Ribble Valley,E01025348,E07000124,797.878295898438,17.7555355425458,47.8021984116505
Ribble Valley,E01025349,E07000124,628.000358581543,23.9419544182008,0
Ribble Valley,E01025350,E07000124,615.944522857666,8.58370114803094,100
Ribble Valley,E01025351,E07000124,1072.9709854126,11.822696609923,63.4320740441314
Ribble Valley,E01025352,E07000124,607.176620483398,16.6370033515403,44.5848375224452
Ribble Valley,E01025353,E07000124,498.673950195313,12.1948569930335,100
Ribble Valley,E01025354,E07000124,626.904388427734,20.2635665324498,51.0489522574355
Rossendale,E01025355,E07000125,886.975738525391,7.9342893824745,100
Rossendale,E01025356,E07000125,662.317596435547,5.26105604549712,100
Rossendale,E01025357,E07000125,644.302543640137,14.4028450463054,41.2828946180394
Rossendale,E01025358,E07000125,999.304794311523,15.6170308543337,42.2057271596546
Rossendale,E01025359,E07000125,750.273361206055,11.2229097474224,100
Rossendale,E01025360,E07000125,973.871788024902,7.66865060834846,100
Rossendale,E01025361,E07000125,945.259674072266,11.2849214968448,100
Rossendale,E01025362,E07000125,871.080116271973,16.9197325043388,0
Rossendale,E01025363,E07000125,583.899200439453,8.8512522662413,100
Rossendale,E01025364,E07000125,569.06330871582,10.6827933160187,100
Rossendale,E01025365,E07000125,695.168579101563,14.6166466638979,57.1646325670289
Rossendale,E01025366,E07000125,629.466674804688,6.0061279736967,100
Rossendale,E01025367,E07000125,722.720970153809,18.513988215426,16.2756591383396
Rossendale,E01025368,E07000125,742.855392456055,12.8346504264303,81.8830242217679
Rossendale,E01025369,E07000125,587.078323364258,8.35063181864007,100
Rossendale,E01025370,E07000125,543.630264282227,14.1516763965161,74.4639378625743
Rossendale,E01025371,E07000125,686.690902709961,9.25842582293156,100
Rossendale,E01025373,E07000125,718.482131958008,8.18943942903021,100
Rossendale,E01025374,E07000125,666.556419372559,13.5430046326626,76.9475351432648
Rossendale,E01025375,E07000125,722.720993041992,11.6543695390605,100
Rossendale,E01025376,E07000125,1041.69313049316,12.3395827928039,59.8168880504467
Rossendale,E01025377,E07000125,587.078338623047,16.9171661302403,0
Rossendale,E01025378,E07000125,685.63117980957,16.0074803083655,18.701699900019
Rossendale,E01025379,E07000125,658.078765869141,13.6291951598812,78.5829295918994
Rossendale,E01025380,E07000125,617.809867858887,16.1242538949412,41.8524869385135
Rossendale,E01025381,E07000125,654.899642944336,12.2584145711231,78.3171533929459
Rossendale,E01025382,E07000125,845.647132873535,6.98385953648739,100
Rossendale,E01025383,E07000125,983.409194946289,11.8137502063518,100
Rossendale,E01025384,E07000125,564.824447631836,10.4494186915226,100
Rossendale,E01025385,E07000125,623.108390808105,10.6179591590578,100
Rossendale,E01025387,E07000125,530.913780212402,12.4851098528694,100
Rossendale,E01025388,E07000125,696.228248596191,13.9138202332257,63.622527340084
Rossendale,E01025389,E07000125,580.720077514648,15.7555839870131,71.8978111108154
Rossendale,E01025390,E07000125,547.869110107422,14.9687998969369,47.5822047812083
Rossendale,E01025391,E07000125,699.40739440918,13.7146057656332,61.8181835238542
Rossendale,E01025392,E07000125,607.212768554688,6.22904006232713,100
Rossendale,E01025393,E07000125,647.48168182373,19.8189850340692,0
Rossendale,E01025394,E07000125,706.825340270996,14.0328336714687,52.1739136066377
Rossendale,E01025395,E07000125,754.512229919434,16.0888484096251,32.3033713176647
Rossendale,E01025396,E07000125,699.40739440918,7.18777262538632,100
Rossendale,E01025397,E07000125,690.929718017578,5.33414115003732,100
Rossendale,E01025398,E07000125,590.257446289063,5.90086167673601,100
South Ribble,E01025399,E07000126,638.898475646973,6.94923940015234,100
South Ribble,E01025400,E07000126,739.178657531738,12.3309510951946,80.5594400614126
South Ribble,E01025401,E07000126,673.014427185059,12.696728334413,79.7235014787502
South Ribble,E01025402,E07000126,625.458869934082,8.17193411922829,100
South Ribble,E01025403,E07000126,812.579635620117,13.7737916126387,69.592874751853
South Ribble,E01025404,E07000126,569.632804870605,9.51453733377313,100
South Ribble,E01025405,E07000126,578.937149047852,10.3203211443483,100
South Ribble,E01025406,E07000126,566.531341552734,8.0799634128441,100
South Ribble,E01025407,E07000126,891.149688720703,4.77425747122405,100
South Ribble,E01025408,E07000126,673.014442443848,7.52975413326321,100
South Ribble,E01025409,E07000126,597.545837402344,9.59743928626419,100
South Ribble,E01025410,E07000126,529.313934326172,14.0754686200576,55.4687495946135
South Ribble,E01025411,E07000126,907.690734863281,12.839009252585,56.8337126355898
South Ribble,E01025412,E07000126,698.859825134277,11.7376924951527,68.7869826247991
South Ribble,E01025413,E07000126,796.03857421875,17.767597296969,14.9350649226179
South Ribble,E01025414,E07000126,702.995109558105,16.8309990902867,0
South Ribble,E01025415,E07000126,874.608612060547,13.8774231337222,71.8676130767896
South Ribble,E01025416,E07000126,630.627944946289,11.6474098768057,62.2950810152321
South Ribble,E01025417,E07000126,643.033760070801,12.2723312291767,100
South Ribble,E01025418,E07000126,631.661781311035,10.2220622532914,100
South Ribble,E01025419,E07000126,687.487869262695,8.41726314761873,100
South Ribble,E01025420,E07000126,1092.7438659668,13.6427148492148,33.8694424287789
South Ribble,E01025421,E07000126,942.840515136719,11.0723682381712,71.162281674205
South Ribble,E01025422,E07000126,660.60863494873,5.14528968287999,100
South Ribble,E01025423,E07000126,624.425071716309,11.1436094250988,100
South Ribble,E01025424,E07000126,522.077270507813,11.8021584796234,100
South Ribble,E01025425,E07000126,549.990287780762,8.73028196928517,100
South Ribble,E01025426,E07000126,518.975814819336,6.26563741415609,100
South Ribble,E01025427,E07000126,766.057884216309,8.03180834979618,100
South Ribble,E01025428,E07000126,651.304290771484,10.951904876791,79.999999062878
South Ribble,E01025429,E07000126,637.86466217041,8.07717985389474,100
South Ribble,E01025430,E07000126,822.917785644531,7.32178395581149,100
South Ribble,E01025431,E07000126,798.106216430664,4.54533684050741,100
South Ribble,E01025433,E07000126,778.463684082031,9.62026579910388,100
South Ribble,E01025434,E07000126,854.966110229492,11.4387180186507,85.731560062072
South Ribble,E01025435,E07000126,696.792205810547,6.42635008103345,100
South Ribble,E01025436,E07000126,942.840484619141,16.8744081000193,31.9078943428931
South Ribble,E01025437,E07000126,807.410530090332,13.3895388340856,92.4455824279325
South Ribble,E01025438,E07000126,540.685943603516,9.6645697605652,100
South Ribble,E01025439,E07000126,598.579650878906,9.42385148779289,100
South Ribble,E01025440,E07000126,623.391250610352,10.5953069449709,83.2504144150927
South Ribble,E01025441,E07000126,684.386405944824,5.25879162605852,100
South Ribble,E01025442,E07000126,537.584495544434,9.09384601598502,100
South Ribble,E01025443,E07000126,623.391227722168,12.5767162377473,83.7479273278318
South Ribble,E01025444,E07000126,577.903335571289,7.06370294487908,100
South Ribble,E01025445,E07000126,554.125549316406,10.5861566726686,100
South Ribble,E01025446,E07000126,685.420211791992,6.4039518372709,100
South Ribble,E01025447,E07000126,551.024108886719,7.24166983055668,100
South Ribble,E01025448,E07000126,723.671432495117,11.9321570861037,100
South Ribble,E01025449,E07000126,439.371932983398,12.4357175578002,100
South Ribble,E01025450,E07000126,429.03377532959,14.9090842993114,70.3614456760076
South Ribble,E01025451,E07000126,757.787368774414,13.7726875965405,63.7107780616033
South Ribble,E01025452,E07000126,762.956447601318,11.0972765040968,93.6314363597551
South Ribble,E01025453,E07000126,692.656951904297,13.8683881848275,69.9999995594128
South Ribble,E01025454,E07000126,523.111068725586,7.01110669024991,100
South Ribble,E01025455,E07000126,663.710098266602,10.5600779508509,85.0467291868238
South Ribble,E01025456,E07000126,487.961288452148,18.2264409455055,41.5254233313073
South Ribble,E01025457,E07000126,648.202835083008,7.16617232389993,100
South Ribble,E01025458,E07000126,696.792205810547,13.7403560052928,59.1988117632565
South Ribble,E01025459,E07000126,734.009605407715,8.03832406620318,100
South Ribble,E01025460,E07000126,953.178649902344,7.31570508968525,100
South Ribble,E01025461,E07000126,761.922645568848,11.2120216862661,82.7679780227098
South Ribble,E01025462,E07000126,729.87434387207,9.32032589988232,73.229463020805
South Ribble,E01025463,E07000126,593.410568237305,12.4009408692709,81.0104537814651
South Ribble,E01025464,E07000126,518.975807189941,15.2306775693004,46.4143415664512
South Ribble,E01025465,E07000126,520.009613037109,9.26111326034284,100
South Ribble,E01025466,E07000126,639.932312011719,6.74487877730754,100
South Ribble,E01025467,E07000126,903.555465698242,11.4890731395182,84.668192204222
West Lancashire,E01025468,E07000127,611.402137756348,12.537613667905,83.6974796669048
West Lancashire,E01025469,E07000127,781.978187561035,9.12926417576141,100
West Lancashire,E01025470,E07000127,556.941101074219,10.0915310719005,100
West Lancashire,E01025471,E07000127,589.8232421875,11.3582926602279,78.2229985438235
West Lancashire,E01025472,E07000127,557.968658447266,12.0520813567614,73.8489864942287
West Lancashire,E01025473,E07000127,623.732940673828,8.97194403521289,78.0889612099842
West Lancashire,E01025474,E07000127,470.625495910645,22.9503054663998,0
West Lancashire,E01025475,E07000127,622.705360412598,13.9211715421731,57.5907589040559
West Lancashire,E01025476,E07000127,562.078926086426,16.7342598334504,28.5191949176256
West Lancashire,E01025477,E07000127,491.176826477051,21.3988069656509,0
West Lancashire,E01025478,E07000127,491.176834106445,14.4862341428049,75.1046023479824
West Lancashire,E01025479,E07000127,860.073230743408,22.6641102541096,33.5722808524042
West Lancashire,E01025480,E07000127,516.866004943848,13.7792642062178,78.5288281587782
West Lancashire,E01025481,E07000127,657.642616271973,15.8900623254568,17.499999680969
West Lancashire,E01025482,E07000127,593.933517456055,7.50603814957447,100
West Lancashire,E01025483,E07000127,984.408805847168,10.7229435296219,100
West Lancashire,E01025484,E07000127,812.805179595947,11.4817571797,74.083438583749
West Lancashire,E01025485,E07000127,721.351768493652,9.21507114896494,100
West Lancashire,E01025486,E07000127,672.028564453125,14.542140992758,38.9908259067967
West Lancashire,E01025487,E07000127,641.201568603516,10.6798400110918,100
West Lancashire,E01025488,E07000127,763.481994628906,6.9602557885865,100
West Lancashire,E01025489,E07000127,518.921142578125,13.0017822938575,74.2574250729593
West Lancashire,E01025490,E07000127,508.645454406738,4.83907080183029,100
West Lancashire,E01025491,E07000127,590.850791931152,14.1358435530695,60.3478268392533
West Lancashire,E01025492,E07000127,516.865989685059,14.5076143453764,55.268388954797
West Lancashire,E01025493,E07000127,678.193962097168,7.14593938291491,100
West Lancashire,E01025494,E07000127,694.635025024414,7.96344663057417,100
West Lancashire,E01025495,E07000127,890.900245666504,15.766724171661,51.6724344981892
West Lancashire,E01025496,E07000127,494.25952911377,21.0671730281384,0
West Lancashire,E01025497,E07000127,578.520011901855,16.6831615355991,0
West Lancashire,E01025498,E07000127,534.334648132324,15.3209229239,51.3461538543913
West Lancashire,E01025499,E07000127,612.4296875,12.6914261952535,79.0268468917031
West Lancashire,E01025500,E07000127,682.304214477539,9.48146098492028,100
West Lancashire,E01025501,E07000127,506.590354919434,14.425395458763,51.5212972518852
West Lancashire,E01025502,E07000127,656.615081787109,15.8634748928836,39.749609394662
West Lancashire,E01025503,E07000127,512.755737304688,7.84084155279882,100
West Lancashire,E01025504,E07000127,485.011436462402,5.00044488925177,100
West Lancashire,E01025505,E07000127,649.422088623047,8.77185117312646,100
West Lancashire,E01025506,E07000127,865.211090087891,18.2016978810585,69.2399047702927
West Lancashire,E01025507,E07000127,696.690155029297,19.9636287027867,0
West Lancashire,E01025508,E07000127,632.981018066406,23.0896911811453,0
West Lancashire,E01025509,E07000127,568.244331359863,17.6256605550096,0
West Lancashire,E01025510,E07000127,528.169235229492,15.949144035298,70.8171199256118
West Lancashire,E01025511,E07000127,481.928733825684,14.119851132651,26.652450253464
West Lancashire,E01025512,E07000127,578.520004272461,7.60575482283364,100
West Lancashire,E01025513,E07000127,844.659744262695,17.0222265104322,36.0097324172373
West Lancashire,E01025514,E07000127,992.629341125488,18.6412322044667,13.0434778932761
West Lancashire,E01025515,E07000127,698.74528503418,20.3286615457789,20.735293632728
West Lancashire,E01025516,E07000127,648.394523620605,11.6636608088475,100
West Lancashire,E01025517,E07000127,611.402137756348,12.7218993404524,100
West Lancashire,E01025518,E07000127,646.339408874512,6.58049281961858,100
West Lancashire,E01025519,E07000127,518.92113494873,11.4732077078324,100
West Lancashire,E01025520,E07000127,536.389770507813,15.4526246724557,49.61685883701
West Lancashire,E01025521,E07000127,677.166389465332,20.6452048040142,0
West Lancashire,E01025522,E07000127,520.976257324219,16.8155823936915,23.4714009143975
West Lancashire,E01025523,E07000127,703.883140563965,14.6669341328193,57.3722630300612
West Lancashire,E01025524,E07000127,766.56468963623,15.7720773542043,35.7908835324454
West Lancashire,E01025525,E07000127,646.339408874512,14.8251192249543,42.1303663034617
West Lancashire,E01025526,E07000127,795.336547851563,4.79379833052589,100
West Lancashire,E01025527,E07000127,638.118865966797,7.33199695531237,100
West Lancashire,E01025528,E07000127,703.883117675781,11.1416206426446,79.416058865697
West Lancashire,E01025529,E07000127,728.544715881348,12.2226232763981,68.4062056712652
West Lancashire,E01025530,E07000127,637.091293334961,12.7261130760068,81.2903217694114
West Lancashire,E01025531,E07000127,501.452507019043,17.9765569830918,24.5901634355872
West Lancashire,E01025532,E07000127,616.539962768555,9.18371671793412,100
West Lancashire,E01025533,E07000127,728.544715881348,6.04078982328123,100
West Lancashire,E01025534,E07000127,704.910690307617,7.97988324998945,100
West Lancashire,E01025535,E07000127,598.043762207031,12.554450036159,60.3092788897395
West Lancashire,E01025536,E07000127,663.808036804199,9.41741491830576,100
West Lancashire,E01025537,E07000127,701.827995300293,16.9174668968423,59.5900441307756
West Lancashire,E01025538,E07000127,678.193962097168,19.8787426192525,0
West Lancashire,E01025539,E07000127,575.437286376953,19.5538925108375,0
West Lancashire,E01025540,E07000127,501.452507019043,14.0005736876362,66.1885243251557
Wyre,E01025541,E07000128,728.16227722168,11.5370561905876,100
Wyre,E01025542,E07000128,718.705589294434,11.0134942125564,100
Wyre,E01025543,E07000128,784.902191162109,10.2415528755778,100
Wyre,E01025544,E07000128,793.308097839355,6.2320662133548,100
Wyre,E01025545,E07000128,829.033203125,9.83365016364024,100
Wyre,E01025546,E07000128,752.329261779785,7.05783516920664,100
Wyre,E01025547,E07000128,702.944511413574,33.2458450224462,0
Wyre,E01025548,E07000128,784.902198791504,20.0506429569195,0
Wyre,E01025549,E07000128,884.72240447998,32.4371497590846,0
Wyre,E01025550,E07000128,705.04598236084,19.3463633610651,0
Wyre,E01025551,E07000128,580.008026123047,14.1930796275774,100
Wyre,E01025552,E07000128,522.217361450195,15.4124551059489,26.5593565130846
Wyre,E01025553,E07000128,1083.31207275391,20.854054403724,0
Wyre,E01025554,E07000128,802.764755249023,16.7050263180264,14.5287954905752
Wyre,E01025555,E07000128,719.756362915039,17.3694014979494,0
Wyre,E01025556,E07000128,670.371597290039,15.4940282220352,41.8495289457312
Wyre,E01025557,E07000128,717.654876708984,16.4633679726149,20.4978033148758
Wyre,E01025558,E07000128,863.707611083984,17.8994278823782,14.8418497072165
Wyre,E01025559,E07000128,815.373634338379,10.168943327061,83.1185569988611
Wyre,E01025560,E07000128,679.828262329102,15.8103243020818,39.7217934279729
Wyre,E01025561,E07000128,620.986869812012,12.8929438515655,44.3316435976214
Wyre,E01025562,E07000128,915.19384765625,22.3464524643539,61.3088411005182
Wyre,E01025563,E07000128,478.08634185791,23.5605055933751,0
Wyre,E01025564,E07000128,755.481491088867,22.5678859399049,0
Wyre,E01025565,E07000128,674.574577331543,21.7509501031757,0
Wyre,E01025566,E07000128,889.976119995117,13.0823849097959,84.179456746816
Wyre,E01025567,E07000128,794.358825683594,12.4405290322893,82.9365086987674
Wyre,E01025568,E07000128,832.185432434082,9.84910358069922,100
Wyre,E01025569,E07000128,921.498268127441,11.1754048192274,100
Wyre,E01025570,E07000128,712.401176452637,8.81774333353462,100
Wyre,E01025571,E07000128,615.733169555664,13.7055291825341,57.6791809338902
Wyre,E01025572,E07000128,674.574562072754,15.4179286411288,20.8722749008212
Wyre,E01025573,E07000128,619.936141967773,8.58006759623012,100
Wyre,E01025574,E07000128,778.59774017334,11.8609849943926,100
Wyre,E01025575,E07000128,578.95728302002,8.03892920846367,100
Wyre,E01025576,E07000128,1123.24021911621,6.10069230846304,100
Wyre,E01025577,E07000128,678.777519226074,7.28184209335445,100
Wyre,E01025578,E07000128,660.914932250977,7.98702694818819,100
Wyre,E01025579,E07000128,539.02921295166,6.66448348409342,100
Wyre,E01025580,E07000128,522.217391967773,12.1829377974574,72.8370225384561
Wyre,E01025581,E07000128,616.783912658691,10.1496424208265,100
Wyre,E01025582,E07000128,610.479469299316,7.83702228564895,100
Wyre,E01025583,E07000128,632.544998168945,7.49975074983673,100
Wyre,E01025584,E07000128,894.179069519043,9.68693293569516,100
Wyre,E01025585,E07000128,935.157871246338,34.8170116396948,0
Wyre,E01025586,E07000128,751.278526306152,7.17584631378011,100
Wyre,E01025587,E07000128,729.21297454834,10.5602592810208,100
Wyre,E01025588,E07000128,739.720405578613,13.3853548860708,69.4602286777017
Wyre,E01025589,E07000128,513.811454772949,12.5263390774409,76.0736191946417
Wyre,E01025590,E07000128,653.559783935547,7.07717043799325,100
Wyre,E01025591,E07000128,785.952919006348,13.5586363273012,83.1550797129712
Wyre,E01025592,E07000128,670.371604919434,11.7508774390449,100
Wyre,E01025593,E07000128,687.183448791504,15.7413759329321,54.2813464060695
Wyre,E01025594,E07000128,781.749946594238,10.9313171669332,100
Wyre,E01025595,E07000128,659.864227294922,14.6678662260459,80.0955405985571
Wyre,E01025596,E07000128,861.60612487793,14.0027805559345,63.2926821255732
Wyre,E01025597,E07000128,504.354820251465,13.4695836317517,100
Wyre,E01025598,E07000128,803.815475463867,7.19048366852094,100
Wyre,E01025599,E07000128,453.919326782227,15.5310189102609,65.740740647364
Wyre,E01025600,E07000128,700.843048095703,10.6423989618845,100
Wyre,E01025601,E07000128,652.509048461914,10.6424153326065,100
Wyre,E01025602,E07000128,726.060775756836,17.8669318857113,19.3921861238226
Wyre,E01025603,E07000128,746.024833679199,11.1907464444598,100
Wyre,E01025604,E07000128,686.132675170898,8.81874409573695,100
Wyre,E01025605,E07000128,593.66764831543,9.81769900927297,100
Wyre,E01025606,E07000128,542.181442260742,15.7180234121429,22.2868208491275
Wyre,E01025607,E07000128,661.965667724609,14.0569366613574,82.5396814786174
Wyre,E01025608,E07000128,691.38639831543,9.99045571055562,100
Wyre,E01025609,E07000128,867.910583496094,36.2537045991721,0
Blackburn with Darwen,E01032485,E06000008,718.724189758301,24.369081574996,0
Blackburn with Darwen,E01032486,E06000008,605.767555236816,23.6707095151823,0
South Ribble,E01032928,E07000126,853.932273864746,12.4754965106335,85.7142855866511
South Ribble,E01032929,E07000126,513.806701660156,13.4134810213158,100
Lancaster,E01033071,E07000121,593.44677734375,2.82881118788154,100
Lancaster,E01033072,E07000121,1110.11898803711,17.928205796358,27.1962610682058
Lancaster,E01033073,E07000121,721.05859375,4.46851798824851,100
Hyndburn,E01033231,E07000120,900.500259399414,4.52867040567081,100
Rossendale,E01033281,E07000125,1177.33577728271,7.45633649892099,100
